{
    "accuracies": [
        1.0, 
        0.99271137026239065, 
        1.0, 
        1.0, 
        0.99854227405247808, 
        0.98979591836734693, 
        1.0, 
        1.0, 
        1.0, 
        0.98833819241982512, 
        0.99708454810495628, 
        1.0, 
        1.0, 
        0.97376093294460642, 
        1.0, 
        0.99562682215743437, 
        1.0, 
        0.99854227405247808, 
        0.99562682215743437, 
        0.99416909620991256, 
        0.99708454810495628, 
        0.98104956268221577, 
        0.98833819241982512, 
        0.99125364431486884, 
        0.99416909620991256, 
        0.99125364431486884, 
        0.99125364431486884, 
        0.99708454810495628, 
        1.0, 
        1.0
    ], 
    "average": 0.99518950437317799, 
    "number of executions": 30, 
    "standard deviation": 0.0061863251235926868
}