{
    "accuracies": [
        0.97826086956521741, 
        0.9652173913043478, 
        0.95652173913043481, 
        0.99130434782608701, 
        0.96086956521739131, 
        0.96086956521739131, 
        0.99130434782608701, 
        0.9869565217391304, 
        0.99130434782608701, 
        0.9826086956521739, 
        0.9826086956521739, 
        0.97391304347826091, 
        0.9695652173913043, 
        0.9695652173913043, 
        0.97826086956521741, 
        0.9695652173913043, 
        0.9695652173913043, 
        0.95652173913043481, 
        0.9826086956521739, 
        0.97826086956521741, 
        0.99130434782608701, 
        0.9826086956521739, 
        0.97391304347826091, 
        0.96086956521739131, 
        0.97391304347826091, 
        0.97826086956521741, 
        0.97826086956521741, 
        0.9695652173913043, 
        0.97826086956521741, 
        0.97391304347826091
    ], 
    "average": 0.97521739130434804, 
    "number of executions": 30, 
    "standard deviation": 0.010050283158020768
}