{
    "accuracies": [
        1.0, 
        0.98130841121495327, 
        0.94392523364485981, 
        0.98130841121495327, 
        0.99065420560747663, 
        0.99065420560747663, 
        0.98130841121495327, 
        1.0, 
        1.0, 
        0.9719626168224299, 
        1.0, 
        0.99065420560747663, 
        0.98130841121495327, 
        0.99065420560747663, 
        0.98130841121495327, 
        0.99065420560747663, 
        0.9719626168224299, 
        1.0, 
        1.0, 
        0.92523364485981308, 
        0.98130841121495327, 
        1.0, 
        0.99065420560747663, 
        0.99065420560747663, 
        0.9719626168224299, 
        0.99065420560747663, 
        1.0, 
        1.0, 
        0.9719626168224299, 
        0.99065420560747663
    ], 
    "average": 0.98535825545171341, 
    "number of executions": 30, 
    "standard deviation": 0.016663026941204154
}