{
    "accuracies": [
        0.78431372549019607, 
        0.82352941176470584, 
        0.76470588235294112, 
        0.68627450980392157, 
        0.69281045751633985, 
        0.81045751633986929, 
        0.81699346405228757, 
        0.75163398692810457, 
        0.75163398692810457, 
        0.75816993464052285, 
        0.81699346405228757, 
        0.82352941176470584, 
        0.77124183006535951, 
        0.74509803921568629, 
        0.75816993464052285, 
        0.76470588235294112, 
        0.77777777777777779, 
        0.79738562091503273, 
        0.76470588235294112, 
        0.78431372549019607, 
        0.77777777777777779, 
        0.73202614379084963, 
        0.73856209150326801, 
        0.75816993464052285, 
        0.74509803921568629, 
        0.73202614379084963, 
        0.72549019607843135, 
        0.81699346405228757, 
        0.74509803921568629, 
        0.81699346405228757
    ], 
    "average": 0.76775599128540317, 
    "number of executions": 30, 
    "standard deviation": 0.036144572213316753
}