{
    "accuracies": [
        0.73999999999999999, 
        0.72999999999999998, 
        0.81000000000000005, 
        0.81999999999999995, 
        0.80000000000000004, 
        0.72999999999999998, 
        0.81999999999999995, 
        0.77000000000000002, 
        0.77000000000000002, 
        0.81999999999999995, 
        0.79000000000000004, 
        0.81000000000000005, 
        0.72999999999999998, 
        0.81999999999999995, 
        0.80000000000000004, 
        0.67000000000000004, 
        0.80000000000000004, 
        0.69999999999999996, 
        0.77000000000000002, 
        0.78000000000000003, 
        0.80000000000000004, 
        0.73999999999999999, 
        0.81000000000000005, 
        0.78000000000000003, 
        0.68999999999999995, 
        0.69999999999999996, 
        0.84999999999999998, 
        0.78000000000000003, 
        0.77000000000000002, 
        0.81000000000000005
    ], 
    "average": 0.77366666666666672, 
    "number of executions": 30, 
    "standard deviation": 0.044533383233504989
}