{
    "accuracies": [
        0.78857142857142859, 
        0.9028571428571428, 
        0.86285714285714288, 
        0.93142857142857138, 
        0.89142857142857146, 
        0.90857142857142859, 
        0.90857142857142859, 
        0.88571428571428568, 
        0.92000000000000004, 
        0.90857142857142859, 
        0.86857142857142855, 
        0.9028571428571428, 
        0.83999999999999997, 
        0.86857142857142855, 
        0.90857142857142859, 
        0.89142857142857146, 
        0.92000000000000004, 
        0.86857142857142855, 
        0.93714285714285717, 
        0.94285714285714284, 
        0.86857142857142855, 
        0.92571428571428571, 
        0.8571428571428571, 
        0.85142857142857142, 
        0.87428571428571433, 
        0.9028571428571428, 
        0.89714285714285713, 
        0.8571428571428571, 
        0.94285714285714284, 
        0.88
    ], 
    "average": 0.89047619047619053, 
    "number of executions": 30, 
    "standard deviation": 0.033615135345005508
}