{
    "accuracies": [
        0.93043478260869561, 
        0.85217391304347823, 
        0.95652173913043481, 
        0.92173913043478262, 
        0.83478260869565213, 
        0.87826086956521743, 
        0.86086956521739133, 
        0.90434782608695652, 
        0.87826086956521743, 
        0.89565217391304353, 
        0.78260869565217395, 
        0.95652173913043481, 
        0.93913043478260871, 
        0.92173913043478262, 
        0.94782608695652171, 
        0.88695652173913042, 
        0.94782608695652171, 
        0.93913043478260871, 
        0.88695652173913042, 
        0.90434782608695652, 
        0.89565217391304353, 
        0.90434782608695652, 
        0.93043478260869561, 
        0.93913043478260871, 
        0.82608695652173914, 
        0.85217391304347823, 
        0.92173913043478262, 
        0.84347826086956523, 
        0.94782608695652171, 
        0.86956521739130432
    ], 
    "average": 0.89855072463768115, 
    "number of executions": 30, 
    "standard deviation": 0.043265178335177484
}