{
    "accuracies": [
        0.91304347826086951, 
        0.86086956521739133, 
        0.89565217391304353, 
        0.83478260869565213, 
        0.86956521739130432, 
        0.84347826086956523, 
        0.82608695652173914, 
        0.86956521739130432, 
        0.88695652173913042, 
        0.87826086956521743, 
        0.92173913043478262, 
        0.87826086956521743, 
        0.90434782608695652, 
        0.87826086956521743, 
        0.91304347826086951, 
        0.90434782608695652, 
        0.88695652173913042, 
        0.87826086956521743, 
        0.90434782608695652, 
        0.91304347826086951, 
        0.86086956521739133, 
        0.83478260869565213, 
        0.83478260869565213, 
        0.88695652173913042, 
        0.87826086956521743, 
        0.9652173913043478, 
        0.86956521739130432, 
        0.87826086956521743, 
        0.92173913043478262, 
        0.86086956521739133
    ], 
    "average": 0.88173913043478258, 
    "number of executions": 30, 
    "standard deviation": 0.030505094763879116
}