{
    "accuracies": [
        0.97959183673469385, 
        1.0, 
        1.0, 
        0.97959183673469385, 
        0.97959183673469385, 
        1.0, 
        1.0, 
        1.0, 
        1.0, 
        0.97959183673469385, 
        1.0, 
        0.97959183673469385, 
        1.0, 
        1.0, 
        1.0, 
        1.0, 
        0.97959183673469385, 
        1.0, 
        1.0, 
        1.0, 
        1.0, 
        1.0, 
        0.95918367346938771, 
        0.97959183673469385, 
        0.97959183673469385, 
        1.0, 
        1.0, 
        1.0, 
        1.0, 
        0.97959183673469385
    ], 
    "average": 0.99251700680272115, 
    "number of executions": 30, 
    "standard deviation": 0.011157292154324315
}