{
    "accuracies": [
        0.94666666666666666, 
        0.98666666666666669, 
        0.98666666666666669, 
        0.98666666666666669, 
        0.95999999999999996, 
        0.98666666666666669, 
        1.0, 
        1.0, 
        0.98666666666666669, 
        0.95999999999999996, 
        0.97333333333333338, 
        0.97333333333333338, 
        0.97333333333333338, 
        0.95999999999999996, 
        1.0, 
        0.98666666666666669, 
        0.98666666666666669, 
        1.0, 
        0.98666666666666669, 
        0.98666666666666669, 
        0.97333333333333338, 
        1.0, 
        0.97333333333333338, 
        0.97333333333333338, 
        0.97333333333333338, 
        0.98666666666666669, 
        0.98666666666666669, 
        0.97333333333333338, 
        0.98666666666666669, 
        0.95999999999999996
    ], 
    "average": 0.98044444444444456, 
    "number of executions": 30, 
    "standard deviation": 0.013655370218433089
}