{
    "accuracies": [
        1.0, 
        0.90000000000000002, 
        0.90000000000000002, 
        0.90000000000000002, 
        0.90000000000000002, 
        1.0, 
        0.69999999999999996, 
        1.0, 
        0.90000000000000002, 
        1.0, 
        1.0, 
        1.0, 
        1.0, 
        0.90000000000000002, 
        0.90000000000000002, 
        1.0, 
        1.0, 
        1.0, 
        0.90000000000000002, 
        1.0, 
        0.90000000000000002, 
        0.90000000000000002, 
        0.80000000000000004, 
        1.0, 
        1.0, 
        1.0, 
        0.90000000000000002, 
        1.0, 
        1.0, 
        0.80000000000000004
    ], 
    "average": 0.93999999999999995, 
    "number of executions": 30, 
    "standard deviation": 0.075718777944003654
}