{
    "accuracies": [
        0.90000000000000002, 
        1.0, 
        1.0, 
        1.0, 
        0.90000000000000002, 
        1.0, 
        0.90000000000000002, 
        0.90000000000000002, 
        1.0, 
        0.90000000000000002, 
        1.0, 
        0.90000000000000002, 
        0.80000000000000004, 
        0.90000000000000002, 
        1.0, 
        0.90000000000000002, 
        0.80000000000000004, 
        0.90000000000000002, 
        1.0, 
        0.90000000000000002, 
        0.80000000000000004, 
        0.90000000000000002, 
        0.90000000000000002, 
        1.0, 
        1.0, 
        1.0, 
        0.80000000000000004, 
        0.90000000000000002, 
        0.90000000000000002, 
        1.0
    ], 
    "average": 0.92666666666666653, 
    "number of executions": 30, 
    "standard deviation": 0.067986926847903778
}